sale_id,date,region,product,quantity,unit_price,salesperson,customer_type,total_amount
1,2024-05-12,서울,제품B,9,38842.0,정태현,기업,349578
2,2024-10-11,대구,제품B,11,14900.0,이민정,개인,163900
3,2024-05-17,대전,제품C,8,15523.0,최수진,개인,124184
4,2024-07-02,대구,제품D,1,2881.0,박준호,기업,2881
5,2024-11-25,서울,제품D,8,34037.0,김영수,개인,272296
6,2024-09-29,서울,제품C,13,2630.0,이민정,기업,34190
7,2024-12-05,인천,제품A,4,21789.0,김영수,기업,87156
8,2024-03-09,서울,제품C,8,23523.0,정태현,기업,188184
9,2024-02-03,대전,제품E,3,18958.0,박준호,개인,56874
10,2024-09-18,대전,제품D,9,47151.0,김영수,기업,424359
11,2024-02-22,대전,제품B,2,49920.0,최수진,개인,99840
12,2024-07-23,인천,제품E,2,44852.0,박준호,기업,89704
13,2024-05-05,인천,제품D,13,2695.0,최수진,기업,35035
14,2024-08-22,서울,제품C,15,15821.0,김영수,VIP,237315
15,2024-02-12,부산,제품E,12,4262.0,박준호,VIP,51144
16,2024-08-27,부산,제품D,4,2445.0,최수진,VIP,9780
17,2024-04-20,인천,제품A,8,17436.0,정태현,개인,139488
18,2024-09-05,서울,제품A,9,10949.0,정태현,개인,98541
19,2024-05-30,부산,제품B,5,24963.0,김영수,기업,124815
20,2024-07-01,서울,제품D,18,30932.0,박준호,기업,556776
21,2024-12-01,서울,제품A,11,7901.0,이민정,기업,86911
22,2024-04-04,서울,제품C,15,34487.0,박준호,기업,517305
23,2024-01-08,광주,제품D,9,9597.0,정태현,개인,86373
24,2024-12-25,대전,제품C,17,7855.0,최수진,기업,133535
25,2024-07-02,서울,제품C,12,19678.0,이민정,기업,236136
26,2024-10-07,광주,제품A,7,9263.0,김영수,VIP,64841
27,2024-07-13,인천,제품D,10,48288.0,이민정,기업,482880
28,2024-12-17,부산,제품E,10,26805.0,김영수,기업,268050
29,2024-07-13,대전,제품A,13,27143.0,이민정,기업,352859
30,2024-06-03,부산,제품A,19,12874.0,김영수,개인,244606
31,2024-04-02,대전,제품D,11,28529.0,김영수,VIP,313819
32,2024-06-08,부산,제품D,13,21866.0,이민정,기업,284258
33,2024-03-01,대전,제품C,8,15079.0,이민정,기업,120632
34,2024-05-01,부산,제품D,8,8243.0,김영수,VIP,65944
35,2024-02-20,부산,제품C,4,30872.0,정태현,기업,123488
36,2024-10-03,부산,제품A,15,10018.0,이민정,개인,150270
37,2024-01-05,부산,제품B,11,13100.0,박준호,기업,144100
38,2024-04-01,인천,제품E,11,20800.0,최수진,개인,228800
39,2024-06-18,서울,제품A,1,27910.0,김영수,개인,27910
40,2024-11-12,대구,제품D,17,,김영수,기업,517429
41,2024-01-22,광주,제품E,15,38588.0,최수진,VIP,578820
42,2024-11-21,대구,제품B,6,12001.0,정태현,개인,72006
43,2024-01-01,대구,제품B,15,47675.0,최수진,VIP,715125
44,2024-05-12,대전,제품C,9,20942.0,이민정,기업,188478
45,2024-08-20,서울,제품E,14,21862.0,최수진,개인,306068
46,2024-01-12,대전,제품C,18,12669.0,김영수,기업,228042
47,2024-12-11,서울,제품A,17,16916.0,최수진,VIP,287572
48,2024-02-15,서울,제품E,18,11878.0,박준호,기업,213804
49,2024-02-03,부산,제품A,5,3985.0,이민정,기업,19925
50,2024-03-18,인천,제품C,9,33369.0,최수진,개인,300321
51,2024-08-05,부산,제품E,11,9112.0,김영수,기업,100232
52,2024-10-27,인천,제품C,1,42235.0,이민정,기업,42235
53,2024-03-13,대전,제품E,18,19931.0,김영수,기업,358758
54,2024-10-08,인천,제품C,6,28340.0,정태현,개인,170040
55,2024-09-05,대전,제품B,2,1336.0,박준호,VIP,2672
56,2024-02-16,대구,제품C,15,43933.0,정태현,VIP,658995
57,2024-04-30,대구,제품B,14,20363.0,박준호,기업,285082
58,2024-08-01,인천,제품C,5,46536.0,최수진,개인,232680
59,2024-08-26,인천,제품E,6,4968.0,이민정,기업,29808
60,2024-02-25,대전,제품E,6,34678.0,최수진,VIP,208068
61,2024-12-15,부산,제품E,18,49400.0,박준호,,889200
62,2024-04-16,대전,제품D,14,17279.0,박준호,VIP,241906
63,2024-11-14,부산,제품A,10,4129.0,박준호,VIP,41290
64,2024-02-17,대구,제품E,14,39215.0,김영수,개인,549010
65,2024-03-01,서울,제품B,13,39897.0,이민정,개인,518661
66,2024-12-02,인천,제품E,3,6850.0,최수진,기업,20550
67,2024-01-26,부산,제품D,6,21588.0,최수진,기업,129528
68,2024-10-18,대전,제품B,8,41214.0,정태현,VIP,329712
69,2024-09-13,대구,제품D,12,12949.0,박준호,개인,155388
70,2024-01-08,부산,제품B,13,9519.0,박준호,개인,123747
71,2024-04-22,대전,제품C,11,27375.0,박준호,기업,301125
72,2024-12-20,인천,제품A,12,34082.0,최수진,VIP,408984
73,2024-09-09,인천,제품A,1,12737.0,정태현,VIP,12737
74,2024-06-28,광주,제품D,17,2134.0,김영수,기업,36278
75,2024-07-25,서울,제품A,16,11938.0,이민정,개인,191008
76,2024-10-29,광주,제품D,11,25486.0,김영수,기업,280346
77,2024-05-06,대구,제품D,13,49356.0,최수진,기업,641628
78,2024-02-25,부산,제품D,18,27096.0,박준호,기업,487728
79,2024-08-01,대구,제품A,11,42115.0,이민정,기업,463265
80,2024-01-14,대전,제품D,12,6592.0,최수진,개인,79104
81,2024-01-28,인천,제품A,6,19108.0,최수진,,114648
82,2024-03-18,광주,제품D,9,18270.0,최수진,개인,164430
83,2024-08-03,광주,제품E,16,28649.0,이민정,기업,458384
84,2024-12-30,광주,제품D,4,11997.0,이민정,VIP,47988
85,2024-06-02,대구,제품B,3,34489.0,정태현,개인,103467
86,2024-01-14,인천,제품D,16,10104.0,정태현,VIP,161664
87,2024-07-05,부산,제품C,12,1870.0,김영수,기업,22440
88,2024-11-07,대전,제품D,11,29684.0,이민정,기업,326524
89,2024-01-07,부산,제품B,5,40519.0,이민정,기업,202595
90,2024-01-03,대구,제품B,18,35524.0,이민정,개인,639432
91,2024-04-20,대전,제품A,19,31957.0,정태현,VIP,607183
92,2024-08-25,광주,제품E,6,34885.0,최수진,개인,209310
93,2024-12-28,서울,제품D,18,45369.0,박준호,개인,816642
94,2024-08-26,대구,제품A,6,36596.0,정태현,기업,219576
95,2024-09-30,대구,제품E,4,30866.0,이민정,VIP,123464
96,2024-10-20,인천,제품D,12,31676.0,정태현,기업,380112
97,2024-08-14,부산,제품C,19,,김영수,개인,926516
98,2024-01-15,대구,제품D,2,14878.0,이민정,기업,29756
99,2024-07-10,대구,제품B,17,40760.0,김영수,VIP,692920
100,2024-04-28,광주,제품B,11,28559.0,이민정,기업,314149
101,2024-01-28,광주,제품C,11,47546.0,정태현,VIP,523006
102,2024-07-20,대전,제품A,16,7771.0,최수진,VIP,124336
103,2024-02-08,서울,제품E,2,17526.0,박준호,기업,35052
104,2024-09-29,인천,제품D,2,30896.0,김영수,개인,61792
105,2024-08-18,서울,제품B,8,32923.0,정태현,기업,263384
106,2024-03-26,대전,제품A,13,37203.0,최수진,개인,483639
107,2024-05-05,광주,제품C,10,40390.0,정태현,개인,403900
108,2024-10-26,부산,제품B,8,13852.0,김영수,기업,110816
109,2024-01-25,광주,제품C,4,48574.0,박준호,개인,194296
110,2024-05-24,인천,제품D,15,44391.0,정태현,개인,665865
111,2024-01-13,광주,제품E,1,2848.0,이민정,기업,2848
112,2024-07-30,인천,제품B,11,32027.0,최수진,기업,352297
113,2024-01-25,인천,제품B,7,36464.0,정태현,기업,255248
114,2024-03-08,인천,제품D,17,35485.0,최수진,개인,603245
115,2024-03-07,대전,제품A,18,20456.0,이민정,VIP,368208
116,2024-08-20,인천,제품E,12,10259.0,박준호,개인,123108
117,2024-04-18,인천,제품B,9,36554.0,박준호,VIP,328986
118,2024-05-25,부산,제품E,5,47922.0,이민정,기업,239610
119,2024-04-20,서울,제품B,10,14409.0,최수진,VIP,144090
120,2024-08-15,대구,제품E,4,4791.0,정태현,기업,19164
121,2024-04-20,서울,제품C,5,26864.0,이민정,기업,134320
122,2024-02-03,인천,제품B,10,37639.0,김영수,VIP,376390
123,2024-04-20,부산,제품E,11,35574.0,최수진,기업,391314
124,2024-09-20,광주,제품A,10,18888.0,박준호,VIP,188880
125,2024-08-23,부산,제품C,8,20692.0,이민정,기업,165536
126,2024-03-23,인천,제품C,2,24501.0,박준호,개인,49002
127,2024-02-11,부산,제품A,8,14304.0,최수진,개인,114432
128,2024-04-10,부산,제품E,16,28527.0,,기업,456432
129,2024-01-06,인천,제품D,5,19074.0,이민정,기업,95370
130,2024-06-28,대전,제품A,3,16549.0,최수진,VIP,49647
131,2024-10-08,부산,제품E,12,30963.0,김영수,개인,371556
132,2024-11-15,대구,제품A,13,26920.0,이민정,VIP,349960
133,2024-08-13,대구,제품A,13,31826.0,정태현,기업,413738
134,2024-11-10,부산,제품B,10,37071.0,이민정,기업,370710
135,2024-12-30,대전,제품E,4,17061.0,최수진,VIP,68244
136,2024-08-16,광주,제품D,9,29810.0,이민정,기업,268290
137,2024-10-15,인천,제품B,2,48966.0,김영수,개인,97932
138,2024-05-29,대구,제품A,19,23800.0,김영수,VIP,452200
139,2024-10-03,광주,제품A,1,44423.0,정태현,개인,44423
140,2024-07-16,부산,제품A,7,,박준호,개인,298844
141,2024-03-10,광주,제품E,17,10940.0,최수진,개인,185980
142,2024-04-21,서울,제품E,3,4924.0,최수진,VIP,14772
143,2024-01-04,대구,제품B,3,29054.0,박준호,기업,87162
144,2024-12-15,부산,제품D,3,10783.0,김영수,개인,32349
145,2024-11-26,인천,제품B,17,38253.0,김영수,개인,650301
146,2024-11-13,대전,제품C,7,46397.0,이민정,개인,324779
147,2024-12-15,부산,제품A,14,14233.0,정태현,기업,199262
148,2024-04-04,인천,제품A,17,46669.0,정태현,기업,793373
149,2024-05-31,대전,제품A,18,25484.0,정태현,VIP,458712
150,2024-11-06,대전,제품B,13,26068.0,이민정,기업,338884
151,2024-05-16,부산,제품B,18,1191.0,정태현,VIP,21438
152,2024-09-03,광주,제품A,4,26074.0,박준호,VIP,104296
153,2024-08-30,광주,제품B,1,5917.0,이민정,VIP,5917
154,2024-01-31,대전,제품E,18,39599.0,박준호,VIP,712782
155,2024-02-09,광주,제품E,1,26832.0,이민정,VIP,26832
156,2024-08-16,서울,제품B,13,43928.0,정태현,개인,571064
157,2024-02-05,대전,제품A,10,21706.0,박준호,기업,217060
158,2024-08-10,대전,제품B,11,14682.0,박준호,개인,161502
159,2024-01-06,인천,제품B,9,27762.0,박준호,VIP,249858
160,2024-11-17,광주,제품B,9,,,기업,219447
161,2024-08-07,대전,제품C,5,28796.0,최수진,개인,143980
162,2024-03-15,서울,제품E,1,24666.0,정태현,개인,24666
163,2024-01-04,인천,제품D,17,26662.0,박준호,VIP,453254
164,2024-11-30,부산,제품D,2,46159.0,최수진,개인,92318
165,2024-05-13,대전,제품C,13,35642.0,정태현,개인,463346
166,2024-04-27,서울,제품B,9,42830.0,정태현,개인,385470
167,2024-04-03,대구,제품C,4,38531.0,박준호,개인,154124
168,2024-03-02,서울,제품C,5,11234.0,박준호,개인,56170
169,2024-07-12,서울,제품A,11,10221.0,이민정,VIP,112431
170,2024-11-30,인천,제품E,19,12410.0,최수진,VIP,235790
171,2024-07-21,부산,제품D,3,15519.0,최수진,개인,46557
172,2024-01-26,대구,제품B,12,2051.0,박준호,VIP,24612
173,2024-06-21,광주,제품D,19,45993.0,정태현,VIP,873867
174,2024-10-26,광주,제품D,19,10765.0,박준호,기업,204535
175,2024-05-12,서울,제품E,13,12382.0,정태현,개인,160966
176,2024-11-21,인천,제품D,7,13580.0,정태현,VIP,95060
177,2024-04-27,인천,제품D,15,33323.0,박준호,VIP,499845
178,2024-11-19,광주,제품C,7,45757.0,김영수,개인,320299
179,2024-10-01,대구,제품E,8,12939.0,최수진,기업,103512
180,2024-07-30,부산,제품A,5,30964.0,정태현,개인,154820
181,2024-08-12,대구,제품B,14,1307.0,정태현,기업,18298
182,2024-01-20,대전,제품D,4,4359.0,김영수,개인,17436
183,2024-04-22,대전,제품B,10,,이민정,개인,306480
184,2024-05-19,부산,제품A,15,36944.0,김영수,,554160
185,2024-02-16,광주,제품B,18,,,개인,630342
186,2024-01-01,부산,제품A,13,39134.0,정태현,기업,508742
187,2024-03-30,인천,제품C,8,28323.0,최수진,기업,226584
188,2024-05-21,대전,제품D,9,7226.0,김영수,VIP,65034
189,2024-11-15,서울,제품A,16,22689.0,이민정,개인,363024
190,2024-02-07,서울,제품B,19,31971.0,박준호,기업,607449
191,2024-10-19,광주,제품D,16,26954.0,김영수,기업,431264
192,2024-05-18,인천,제품C,7,25423.0,김영수,기업,177961
193,2024-12-21,대구,제품D,14,31391.0,,개인,439474
194,2024-11-28,인천,제품A,14,15330.0,최수진,VIP,214620
195,2024-09-15,서울,제품C,4,5891.0,김영수,기업,23564
196,2024-06-09,서울,제품B,15,5992.0,김영수,개인,89880
197,2024-06-26,대전,제품C,3,2961.0,최수진,기업,8883
198,2024-01-10,인천,제품C,5,13497.0,이민정,기업,67485
199,2024-09-17,인천,제품E,1,33551.0,김영수,VIP,33551
200,2024-05-17,서울,제품C,3,11848.0,최수진,기업,35544
201,2024-06-20,대구,제품C,15,14255.0,김영수,기업,213825
202,2024-01-13,광주,제품D,8,5567.0,박준호,개인,44536
203,2024-06-16,광주,제품B,4,49847.0,정태현,개인,199388
204,2024-05-09,인천,제품D,2,40281.0,박준호,VIP,80562
205,2024-03-24,광주,제품D,10,49003.0,김영수,개인,490030
206,2024-11-16,서울,제품A,4,21389.0,이민정,개인,85556
207,2024-11-14,서울,제품D,3,45523.0,정태현,VIP,136569
208,2024-04-10,인천,제품E,2,44919.0,박준호,기업,89838
209,2024-11-24,인천,제품E,17,17567.0,최수진,VIP,298639
210,2024-09-29,대전,제품A,13,4358.0,이민정,개인,56654
211,2024-09-21,인천,제품B,5,23999.0,박준호,VIP,119995
212,2024-02-07,대구,제품B,9,43358.0,최수진,기업,390222
213,2024-04-03,광주,제품D,6,11988.0,김영수,VIP,71928
214,2024-04-04,인천,제품D,5,41446.0,최수진,개인,207230
215,2024-10-31,부산,제품D,10,32521.0,박준호,개인,325210
216,2024-03-09,대전,제품B,8,6698.0,박준호,VIP,53584
217,2024-11-13,부산,제품C,7,2273.0,김영수,기업,15911
218,2024-08-23,서울,제품E,7,28543.0,최수진,VIP,199801
219,2024-11-29,광주,제품C,6,32349.0,최수진,기업,194094
220,2024-05-16,인천,제품C,3,12241.0,김영수,기업,36723
221,2024-03-16,부산,제품B,19,10497.0,최수진,VIP,199443
222,2024-02-04,광주,제품C,15,42875.0,김영수,기업,643125
223,2024-01-01,서울,제품A,4,33703.0,이민정,개인,134812
224,2024-10-22,대구,제품D,12,45041.0,박준호,VIP,540492
225,2024-11-15,대전,제품A,6,32954.0,,기업,197724
226,2024-02-29,광주,제품E,19,9002.0,정태현,개인,171038
227,2024-11-15,광주,제품D,4,5247.0,정태현,VIP,20988
228,2024-12-14,대구,제품C,15,42988.0,정태현,개인,644820
229,2024-11-23,광주,제품E,9,22698.0,김영수,개인,204282
230,2024-09-23,서울,제품D,5,20738.0,최수진,개인,103690
231,2024-12-26,서울,제품C,13,11703.0,이민정,기업,152139
232,2024-08-16,대구,제품A,18,49240.0,이민정,VIP,886320
233,2024-09-26,대전,제품D,5,18570.0,이민정,VIP,92850
234,2024-11-11,인천,제품C,16,13392.0,이민정,기업,214272
235,2024-10-12,부산,제품A,19,45724.0,정태현,VIP,868756
236,2024-10-17,인천,제품E,14,33299.0,이민정,개인,466186
237,2024-07-31,광주,제품E,16,16641.0,최수진,VIP,266256
238,2024-06-13,부산,제품E,15,14998.0,정태현,기업,224970
239,2024-01-05,대구,제품E,4,7305.0,이민정,개인,29220
240,2024-12-04,대구,제품B,7,33726.0,김영수,기업,236082
241,2024-03-18,대전,제품D,16,19782.0,박준호,개인,316512
242,2024-03-02,부산,제품D,8,13721.0,박준호,개인,109768
243,2024-05-11,서울,제품B,17,,박준호,VIP,692971
244,2024-03-29,부산,제품C,16,13427.0,정태현,개인,214832
245,2024-08-24,광주,제품C,10,47550.0,이민정,기업,475500
246,2024-02-11,서울,제품E,10,21566.0,정태현,VIP,215660
247,2024-03-29,대구,제품A,2,3230.0,최수진,기업,6460
248,2024-10-22,부산,제품C,9,,김영수,개인,67599
249,2024-11-23,인천,제품A,17,43229.0,,기업,734893
250,2024-10-21,대전,제품D,11,27177.0,박준호,기업,298947
251,2024-04-13,인천,제품A,10,5765.0,박준호,개인,57650
252,2024-01-14,대전,제품D,17,21354.0,,VIP,363018
253,2024-10-14,광주,제품B,4,24929.0,이민정,기업,99716
254,2024-06-27,인천,제품B,16,29820.0,최수진,개인,477120
255,2024-05-04,부산,제품E,15,47040.0,최수진,VIP,705600
256,2024-12-18,부산,제품C,5,30523.0,최수진,VIP,152615
257,2024-01-23,인천,제품E,6,6552.0,최수진,VIP,39312
258,2024-03-03,부산,제품D,17,1627.0,박준호,기업,27659
259,2024-05-22,광주,제품E,1,12989.0,김영수,기업,12989
260,2024-06-01,서울,제품A,19,14780.0,박준호,기업,280820
261,2024-05-24,광주,제품D,4,7589.0,최수진,VIP,30356
262,2024-08-12,대전,제품B,17,35812.0,박준호,기업,608804
263,2024-11-04,광주,제품C,9,29128.0,최수진,개인,262152
264,2024-04-13,대전,제품D,2,46939.0,정태현,기업,93878
265,2024-04-13,부산,제품D,8,39652.0,김영수,기업,317216
266,2024-02-08,서울,제품A,15,28790.0,정태현,VIP,431850
267,2024-07-16,부산,제품C,7,41953.0,이민정,기업,293671
268,2024-05-13,대구,제품B,6,1249.0,박준호,개인,7494
269,2024-03-07,부산,제품D,1,20309.0,이민정,VIP,20309
270,2024-06-27,대전,제품D,15,26901.0,박준호,개인,403515
271,2024-02-11,부산,제품A,7,24576.0,정태현,VIP,172032
272,2024-01-15,부산,제품E,17,32508.0,최수진,VIP,552636
273,2024-04-20,서울,제품B,2,10175.0,최수진,기업,20350
274,2024-06-05,부산,제품C,9,26464.0,박준호,개인,238176
275,2024-10-15,서울,제품D,9,17260.0,최수진,VIP,155340
276,2024-08-18,인천,제품D,13,36440.0,정태현,기업,473720
277,2024-06-05,대구,제품B,6,30546.0,최수진,VIP,183276
278,2024-02-07,서울,제품E,6,41047.0,정태현,VIP,246282
279,2024-04-06,대전,제품D,3,,이민정,VIP,127290
280,2024-10-15,인천,제품B,17,2987.0,정태현,VIP,50779
281,2024-09-10,서울,제품A,17,26105.0,김영수,VIP,443785
282,2024-07-14,서울,제품E,12,13948.0,김영수,VIP,167376
283,2024-03-26,대구,제품C,16,,김영수,기업,224416
284,2024-11-17,대전,제품D,15,3773.0,박준호,VIP,56595
285,2024-01-10,광주,제품B,13,46927.0,박준호,개인,610051
286,2024-01-05,광주,제품A,1,10878.0,박준호,기업,10878
287,2024-05-02,서울,제품C,17,43946.0,정태현,개인,747082
288,2024-11-25,부산,제품B,3,11377.0,박준호,VIP,34131
289,2024-12-18,대전,제품B,15,8347.0,이민정,개인,125205
290,2024-04-27,인천,제품C,4,34776.0,김영수,VIP,139104
291,2024-10-20,부산,제품A,4,4783.0,정태현,VIP,19132
292,2024-06-07,부산,제품A,18,5298.0,김영수,기업,95364
293,2024-10-29,대전,제품E,17,5668.0,박준호,기업,96356
294,2024-08-15,서울,제품D,19,21671.0,정태현,VIP,411749
295,2024-12-30,서울,제품C,11,35820.0,최수진,기업,394020
296,2024-08-03,서울,제품C,3,35484.0,,개인,106452
297,2024-07-02,서울,제품C,8,34078.0,박준호,기업,272624
298,2024-01-15,광주,제품A,14,48159.0,박준호,기업,674226
299,2024-06-05,서울,제품D,1,21922.0,이민정,개인,21922
300,2024-05-15,광주,제품E,14,35028.0,이민정,기업,490392
301,2024-09-17,광주,제품B,2,46925.0,최수진,VIP,93850
302,2024-06-05,서울,제품B,4,21316.0,박준호,개인,85264
303,2024-02-16,대구,제품C,19,12460.0,박준호,VIP,236740
304,2024-11-19,인천,제품D,6,17968.0,김영수,개인,107808
305,2024-11-27,부산,제품A,1,31266.0,정태현,VIP,31266
306,2024-06-21,광주,제품D,17,31209.0,정태현,VIP,530553
307,2024-05-09,대전,제품D,8,25000.0,김영수,기업,200000
308,2024-04-04,대전,제품A,19,15011.0,정태현,VIP,285209
309,2024-04-24,인천,제품C,1,3866.0,이민정,기업,3866
310,2024-08-30,대전,제품D,5,48133.0,정태현,개인,240665
311,2024-10-18,대구,제품B,16,6898.0,정태현,VIP,110368
312,2024-10-08,대전,제품A,6,19395.0,김영수,VIP,116370
313,2024-10-25,부산,제품E,8,40019.0,최수진,개인,320152
314,2024-10-09,부산,제품C,13,38707.0,정태현,개인,503191
315,2024-03-09,광주,제품A,16,5006.0,정태현,VIP,80096
316,2024-05-27,서울,제품E,3,35393.0,최수진,개인,106179
317,2024-01-11,대구,제품E,19,11956.0,김영수,기업,227164
318,2024-09-10,광주,제품D,12,31663.0,최수진,개인,379956
319,2024-11-25,대구,제품D,16,7078.0,김영수,개인,113248
320,2024-12-25,서울,제품D,11,30631.0,이민정,VIP,336941
321,2024-02-07,대전,제품A,10,31140.0,,기업,311400
322,2024-05-13,대전,제품A,4,42691.0,이민정,개인,170764
323,2024-07-18,서울,제품C,12,4961.0,이민정,기업,59532
324,2024-01-23,광주,제품D,2,30277.0,김영수,기업,60554
325,2024-10-29,서울,제품E,19,42574.0,박준호,기업,808906
326,2024-12-11,인천,제품B,5,32417.0,김영수,VIP,162085
327,2024-10-28,부산,제품C,8,23484.0,정태현,개인,187872
328,2024-12-28,광주,제품A,7,19103.0,정태현,VIP,133721
329,2024-08-05,대구,제품C,14,30345.0,박준호,개인,424830
330,2024-05-20,인천,제품C,3,47326.0,이민정,개인,141978
331,2024-04-13,광주,제품C,18,40454.0,박준호,VIP,728172
332,2024-07-28,서울,제품C,16,2587.0,정태현,기업,41392
333,2024-04-20,서울,제품B,19,43571.0,박준호,기업,827849
334,2024-04-13,서울,제품D,19,22031.0,김영수,개인,418589
335,2024-11-11,서울,제품E,18,27212.0,박준호,VIP,489816
336,2024-06-19,대구,제품C,16,11350.0,이민정,기업,181600
337,2024-12-21,인천,제품C,8,19816.0,김영수,기업,158528
338,2024-11-19,대전,제품C,1,21288.0,최수진,개인,21288
339,2024-05-12,부산,제품D,17,30432.0,,개인,517344
340,2024-10-19,대구,제품A,12,45222.0,정태현,VIP,542664
341,2024-11-23,대구,제품A,11,49617.0,박준호,개인,545787
342,2024-05-06,대전,제품B,5,7837.0,김영수,기업,39185
343,2024-04-15,대전,제품A,12,35217.0,최수진,기업,422604
344,2024-04-01,부산,제품C,17,21884.0,김영수,기업,372028
345,2024-10-13,부산,제품C,6,6454.0,정태현,기업,38724
346,2024-02-20,대전,제품C,1,10424.0,김영수,VIP,10424
347,2024-01-29,서울,제품B,5,37885.0,최수진,VIP,189425
348,2024-10-22,대구,제품C,14,42637.0,박준호,개인,596918
349,2024-10-23,광주,제품A,5,44618.0,이민정,개인,223090
350,2024-08-01,부산,제품D,1,19412.0,김영수,,19412
351,2024-09-23,부산,제품D,18,48111.0,이민정,VIP,865998
352,2024-09-13,대전,제품E,16,40613.0,정태현,기업,649808
353,2024-10-28,인천,제품A,9,21142.0,,개인,190278
354,2024-04-10,광주,제품C,19,38392.0,박준호,기업,729448
355,2024-12-11,광주,제품D,5,9848.0,김영수,개인,49240
356,2024-04-19,부산,제품A,2,14136.0,박준호,개인,28272
357,2024-06-30,서울,제품D,15,1589.0,김영수,개인,23835
358,2024-11-08,인천,제품C,7,21908.0,김영수,,153356
359,2024-01-01,광주,제품D,4,7509.0,이민정,개인,30036
360,2024-11-14,부산,제품E,1,41461.0,박준호,기업,41461
361,2024-02-24,광주,제품E,13,43222.0,김영수,개인,561886
362,2024-05-28,인천,제품D,7,45476.0,이민정,기업,318332
363,2024-11-04,인천,제품A,15,46710.0,최수진,VIP,700650
364,2024-05-16,대구,제품A,14,10968.0,이민정,개인,153552
365,2024-07-20,대전,제품A,19,,이민정,기업,65778
366,2024-11-08,대전,제품D,18,10460.0,김영수,VIP,188280
367,2024-04-26,부산,제품A,10,34783.0,정태현,VIP,347830
368,2024-06-02,인천,제품C,9,10275.0,정태현,VIP,92475
369,2024-10-17,대구,제품E,8,29677.0,정태현,기업,237416
370,2024-03-03,대구,제품C,10,14269.0,이민정,개인,142690
371,2024-08-31,광주,제품A,17,1406.0,김영수,개인,23902
372,2024-01-25,광주,제품C,2,8384.0,박준호,기업,16768
373,2024-03-30,대구,제품A,6,23553.0,이민정,개인,141318
374,2024-03-15,광주,제품D,5,25366.0,이민정,기업,126830
375,2024-10-20,인천,제품C,9,45036.0,김영수,개인,405324
376,2024-07-28,서울,제품D,5,18369.0,최수진,VIP,91845
377,2024-12-12,인천,제품D,18,12795.0,이민정,개인,230310
378,2024-01-17,대구,제품B,9,5485.0,최수진,기업,49365
379,2024-05-07,대구,제품A,17,42669.0,최수진,기업,725373
380,2024-12-29,인천,제품E,17,3618.0,정태현,VIP,61506
381,2024-09-07,광주,제품A,12,31143.0,김영수,기업,373716
382,2024-06-27,광주,제품E,7,30425.0,최수진,개인,212975
383,2024-06-30,대전,제품A,3,,김영수,개인,71019
384,2024-05-31,대구,제품D,10,10603.0,정태현,VIP,106030
385,2024-01-25,부산,제품C,2,40696.0,,기업,81392
386,2024-06-28,대전,제품C,3,6368.0,이민정,VIP,19104
387,2024-07-16,광주,제품B,16,5621.0,최수진,개인,89936
388,2024-12-09,인천,제품E,2,15719.0,김영수,VIP,31438
389,2024-06-09,광주,제품E,10,30227.0,박준호,기업,302270
390,2024-06-25,인천,제품E,6,44894.0,김영수,VIP,269364
391,2024-10-11,대전,제품D,11,8566.0,최수진,기업,94226
392,2024-03-03,대구,제품E,7,13306.0,정태현,기업,93142
393,2024-05-29,광주,제품C,15,25042.0,정태현,개인,375630
394,2024-06-02,인천,제품D,6,16086.0,최수진,개인,96516
395,2024-06-04,대구,제품A,9,18387.0,이민정,개인,165483
396,2024-02-18,부산,제품E,12,28042.0,이민정,기업,336504
397,2024-12-02,인천,제품E,19,24888.0,정태현,VIP,472872
398,2024-03-24,대전,제품A,3,27514.0,정태현,기업,82542
399,2024-12-26,부산,제품E,15,19323.0,최수진,개인,289845
400,2024-06-25,부산,제품A,2,19019.0,이민정,개인,38038
401,2024-05-27,서울,제품D,2,10890.0,정태현,VIP,21780
402,2024-04-27,광주,제품C,3,41863.0,이민정,개인,125589
403,2024-12-07,인천,제품A,6,46487.0,정태현,개인,278922
404,2024-03-03,부산,제품B,15,11283.0,김영수,개인,169245
405,2024-07-07,서울,제품A,10,19279.0,박준호,VIP,192790
406,2024-12-25,대전,제품E,9,47999.0,김영수,기업,431991
407,2024-02-18,대구,제품D,1,23908.0,정태현,개인,23908
408,2024-11-22,인천,제품D,16,,박준호,VIP,775456
409,2024-09-13,부산,제품A,6,38952.0,박준호,개인,233712
410,2024-08-11,광주,제품C,9,36170.0,,VIP,325530
411,2024-05-20,서울,제품B,4,38663.0,정태현,개인,154652
412,2024-08-02,부산,제품D,2,45172.0,이민정,VIP,90344
413,2024-07-29,광주,제품E,4,48929.0,정태현,개인,195716
414,2024-11-13,부산,제품E,1,10343.0,최수진,기업,10343
415,2024-02-01,인천,제품C,19,11637.0,정태현,개인,221103
416,2024-06-06,인천,제품D,10,35724.0,최수진,VIP,357240
417,2024-10-11,인천,제품A,15,40791.0,정태현,개인,611865
418,2024-10-31,대전,제품E,19,30134.0,이민정,기업,572546
419,2024-10-12,대전,제품C,16,47830.0,최수진,개인,765280
420,2024-05-23,서울,제품D,4,48101.0,김영수,VIP,192404
421,2024-01-19,인천,제품D,2,4907.0,최수진,VIP,9814
422,2024-01-18,광주,제품D,13,34575.0,이민정,기업,449475
423,2024-09-13,부산,제품D,1,47799.0,최수진,VIP,47799
424,2024-03-18,대구,제품D,17,5827.0,정태현,개인,99059
425,2024-06-23,광주,제품E,13,31607.0,정태현,개인,410891
426,2024-07-12,대전,제품C,4,14699.0,이민정,개인,58796
427,2024-04-22,대전,제품D,7,38292.0,박준호,VIP,268044
428,2024-04-23,광주,제품B,17,48961.0,정태현,,832337
429,2024-08-09,대전,제품B,9,26883.0,김영수,개인,241947
430,2024-06-14,인천,제품C,4,49991.0,이민정,개인,199964
431,2024-11-14,서울,제품A,19,6313.0,최수진,기업,119947
432,2024-05-11,부산,제품A,1,14598.0,최수진,VIP,14598
433,2024-09-20,서울,제품A,10,46826.0,김영수,VIP,468260
434,2024-02-24,부산,제품B,4,29807.0,정태현,VIP,119228
435,2024-12-24,부산,제품A,9,5887.0,이민정,기업,52983
436,2024-05-10,서울,제품E,13,4854.0,김영수,VIP,63102
437,2024-10-14,광주,제품D,14,46226.0,정태현,기업,647164
438,2024-09-22,부산,제품B,10,15536.0,이민정,기업,155360
439,2024-06-10,서울,제품C,6,4558.0,최수진,VIP,27348
440,2024-03-27,부산,제품C,16,10772.0,이민정,개인,172352
441,2024-02-24,대구,제품D,6,37343.0,박준호,개인,224058
442,2024-10-14,광주,제품B,17,36186.0,이민정,VIP,615162
443,2024-06-26,인천,제품A,10,37966.0,박준호,VIP,379660
444,2024-12-14,부산,제품A,18,34769.0,이민정,기업,625842
445,2024-01-08,대구,제품E,18,40887.0,박준호,VIP,735966
446,2024-11-16,인천,제품E,3,20229.0,최수진,기업,60687
447,2024-11-08,인천,제품A,15,10673.0,정태현,,160095
448,2024-09-03,부산,제품C,15,28877.0,박준호,개인,433155
449,2024-11-18,서울,제품C,4,32601.0,박준호,개인,130404
450,2024-09-11,부산,제품E,9,39084.0,최수진,VIP,351756
451,2024-11-23,대구,제품D,19,17244.0,박준호,기업,327636
452,2024-02-23,인천,제품A,17,28356.0,김영수,개인,482052
453,2024-09-05,부산,제품E,11,17806.0,최수진,기업,195866
454,2024-08-26,서울,제품E,9,24099.0,김영수,VIP,216891
455,2024-08-16,부산,제품A,10,45641.0,최수진,VIP,456410
456,2024-03-07,광주,제품A,18,38034.0,박준호,개인,684612
457,2024-02-20,서울,제품C,13,41317.0,김영수,,537121
458,2024-04-06,대구,제품D,8,20094.0,박준호,,160752
459,2024-04-01,인천,제품D,7,11589.0,최수진,기업,81123
460,2024-09-20,부산,제품A,17,2657.0,박준호,개인,45169
461,2024-10-17,서울,제품B,15,33764.0,김영수,개인,506460
462,2024-04-05,광주,제품E,15,40531.0,김영수,기업,607965
463,2024-03-28,서울,제품E,1,4164.0,박준호,개인,4164
464,2024-03-18,대전,제품A,14,28542.0,이민정,개인,399588
465,2024-10-14,광주,제품B,5,19437.0,최수진,VIP,97185
466,2024-04-29,대구,제품C,11,42247.0,최수진,기업,464717
467,2024-10-28,인천,제품A,16,39505.0,박준호,개인,632080
468,2024-06-13,대구,제품A,2,20601.0,이민정,기업,41202
469,2024-06-30,부산,제품E,8,29430.0,김영수,기업,235440
470,2024-08-10,서울,제품A,11,7009.0,정태현,개인,77099
471,2024-11-06,대전,제품A,18,5552.0,정태현,VIP,99936
472,2024-01-07,광주,제품A,3,10417.0,박준호,기업,31251
473,2024-11-25,광주,제품E,1,42989.0,이민정,개인,42989
474,2024-09-19,서울,제품C,11,3671.0,이민정,기업,40381
475,2024-06-09,대전,제품C,16,7519.0,최수진,VIP,120304
476,2024-05-30,서울,제품A,18,37730.0,김영수,VIP,679140
477,2024-03-25,부산,제품E,16,13734.0,이민정,VIP,219744
478,2024-05-26,대구,제품C,10,46890.0,정태현,개인,468900
479,2024-04-21,광주,제품C,18,4722.0,김영수,개인,84996
480,2024-02-05,부산,제품C,6,5906.0,김영수,,35436
481,2024-10-11,대구,제품E,19,31096.0,박준호,개인,590824
482,2024-07-06,부산,제품E,4,41031.0,이민정,VIP,164124
483,2024-03-22,대전,제품A,13,14699.0,박준호,개인,191087
484,2024-01-02,광주,제품D,14,22438.0,이민정,VIP,314132
485,2024-10-29,서울,제품C,3,44856.0,최수진,기업,134568
486,2024-07-15,서울,제품D,10,34576.0,,VIP,345760
487,2024-01-11,대구,제품E,6,42938.0,박준호,VIP,257628
488,2024-08-21,인천,제품E,1,33247.0,정태현,개인,33247
489,2024-07-13,대전,제품E,14,44461.0,박준호,개인,622454
490,2024-04-28,대구,제품D,8,28938.0,이민정,개인,231504
491,2024-01-20,인천,제품E,19,41469.0,정태현,개인,787911
492,2024-09-17,부산,제품A,14,18600.0,박준호,개인,260400
493,2024-10-19,대전,제품E,10,21435.0,박준호,개인,214350
494,2024-09-12,부산,제품B,17,19581.0,최수진,기업,332877
495,2024-08-09,광주,제품D,9,15191.0,박준호,VIP,136719
496,2024-08-13,대전,제품B,6,20190.0,김영수,VIP,121140
497,2024-02-22,인천,제품E,11,28386.0,정태현,VIP,312246
498,2024-12-20,광주,제품A,7,32721.0,김영수,기업,229047
499,2024-12-07,서울,제품C,17,14704.0,정태현,VIP,249968
500,2024-12-29,인천,제품E,1,3123.0,최수진,기업,3123
501,2024-10-06,대구,제품A,5,26174.0,박준호,기업,130870
502,2024-03-21,서울,제품D,9,45301.0,박준호,기업,407709
503,2024-07-20,서울,제품B,18,48216.0,박준호,VIP,867888
504,2024-06-06,대구,제품B,2,15586.0,정태현,기업,31172
505,2024-04-29,대전,제품B,11,32976.0,박준호,VIP,362736
506,2024-02-28,서울,제품D,6,26416.0,김영수,VIP,158496
507,2024-08-02,인천,제품A,8,2814.0,박준호,개인,22512
508,2024-05-07,광주,제품D,4,14001.0,최수진,개인,56004
509,2024-08-11,서울,제품B,18,17508.0,김영수,기업,315144
510,2024-07-27,인천,제품E,11,20630.0,박준호,기업,226930
511,2024-04-24,부산,제품C,5,14380.0,박준호,VIP,71900
512,2024-07-27,인천,제품D,15,49174.0,이민정,기업,737610
513,2024-01-14,광주,제품D,18,36699.0,정태현,기업,660582
514,2024-01-09,인천,제품A,2,47335.0,김영수,VIP,94670
515,2024-02-09,대구,제품A,11,,이민정,기업,525866
516,2024-08-24,광주,제품D,13,13317.0,최수진,기업,173121
517,2024-10-07,대전,제품B,4,36739.0,정태현,VIP,146956
518,2024-12-24,부산,제품C,7,35785.0,김영수,VIP,250495
519,2024-07-19,대구,제품A,11,32980.0,박준호,개인,362780
520,2024-09-02,대전,제품B,4,24799.0,김영수,VIP,99196
521,2024-10-04,인천,제품E,15,36183.0,박준호,개인,542745
522,2024-08-22,광주,제품A,1,30166.0,정태현,기업,30166
523,2024-01-04,부산,제품B,3,20480.0,박준호,VIP,61440
524,2024-06-02,대구,제품B,14,2609.0,최수진,VIP,36526
525,2024-01-29,대전,제품C,6,1717.0,박준호,VIP,10302
526,2024-04-18,대전,제품C,18,20945.0,최수진,기업,377010
527,2024-04-07,부산,제품E,1,26592.0,정태현,개인,26592
528,2024-08-02,인천,제품B,6,29141.0,정태현,기업,174846
529,2024-10-19,부산,제품B,6,31009.0,김영수,기업,186054
530,2024-03-15,대전,제품C,16,46430.0,최수진,VIP,742880
531,2024-11-21,서울,제품A,5,7782.0,최수진,개인,38910
532,2024-05-25,대구,제품A,17,27536.0,이민정,기업,468112
533,2024-05-07,부산,제품D,10,34816.0,이민정,VIP,348160
534,2024-12-06,대전,제품C,18,26933.0,이민정,기업,484794
535,2024-02-11,인천,제품D,7,12618.0,박준호,기업,88326
536,2024-12-21,대전,제품C,3,9307.0,이민정,VIP,27921
537,2024-02-10,인천,제품E,13,27671.0,최수진,VIP,359723
538,2024-02-03,부산,제품B,15,41673.0,박준호,개인,625095
539,2024-01-17,인천,제품E,19,43761.0,정태현,기업,831459
540,2024-06-13,광주,제품C,3,11338.0,김영수,VIP,34014
541,2024-06-01,광주,제품B,4,39346.0,이민정,VIP,157384
542,2024-03-16,광주,제품A,5,47602.0,정태현,개인,238010
543,2024-03-27,서울,제품A,1,7548.0,최수진,개인,7548
544,2024-04-26,부산,제품D,4,41149.0,김영수,VIP,164596
545,2024-12-27,대전,제품C,12,22164.0,정태현,,265968
546,2024-12-07,대전,제품C,10,28526.0,김영수,VIP,285260
547,2024-01-27,서울,제품A,13,,이민정,기업,418886
548,2024-11-08,인천,제품E,14,21176.0,최수진,개인,296464
549,2024-10-13,서울,제품B,5,3941.0,김영수,기업,19705
550,2024-05-13,인천,제품E,4,6695.0,정태현,기업,26780
551,2024-08-06,인천,제품E,14,40169.0,이민정,기업,562366
552,2024-06-16,대구,제품A,10,48947.0,이민정,VIP,489470
553,2024-04-07,대전,제품A,17,48224.0,정태현,기업,819808
554,2024-09-24,광주,제품A,10,46865.0,정태현,기업,468650
555,2024-08-24,인천,제품D,7,26553.0,김영수,기업,185871
556,2024-11-04,대구,제품E,16,,박준호,VIP,639440
557,2024-06-21,대전,제품C,1,39218.0,이민정,기업,39218
558,2024-07-08,광주,제품B,17,26359.0,김영수,기업,448103
559,2024-05-01,인천,제품D,9,25816.0,정태현,개인,232344
560,2024-02-15,인천,제품C,6,9378.0,김영수,VIP,56268
561,2024-03-04,서울,제품E,19,2881.0,정태현,기업,54739
562,2024-05-09,서울,제품A,13,40567.0,최수진,개인,527371
563,2024-11-05,대전,제품E,3,48365.0,정태현,VIP,145095
564,2024-12-28,광주,제품B,7,14675.0,정태현,,102725
565,2024-07-11,인천,제품D,9,5586.0,정태현,VIP,50274
566,2024-11-02,대전,제품D,5,26006.0,박준호,VIP,130030
567,2024-06-29,대전,제품B,10,42198.0,정태현,VIP,421980
568,2024-10-18,부산,제품C,17,,이민정,VIP,405127
569,2024-10-08,서울,제품C,12,36113.0,이민정,기업,433356
570,2024-01-29,광주,제품D,16,17459.0,김영수,기업,279344
571,2024-05-28,인천,제품D,3,33443.0,박준호,기업,100329
572,2024-09-23,대전,제품A,9,43316.0,김영수,기업,389844
573,2024-10-22,인천,제품C,15,31595.0,이민정,개인,473925
574,2024-01-11,부산,제품B,5,6877.0,이민정,기업,34385
575,2024-06-12,광주,제품C,13,40553.0,최수진,VIP,527189
576,2024-04-22,대전,제품A,14,49601.0,정태현,기업,694414
577,2024-07-05,인천,제품D,15,5922.0,이민정,기업,88830
578,2024-10-21,서울,제품D,16,5686.0,김영수,,90976
579,2024-08-19,부산,제품A,13,33766.0,김영수,기업,438958
580,2024-08-14,광주,제품B,17,15407.0,정태현,기업,261919
581,2024-11-05,부산,제품D,8,33006.0,정태현,기업,264048
582,2024-04-07,서울,제품E,2,32422.0,최수진,개인,64844
583,2024-02-24,광주,제품D,5,13205.0,박준호,기업,66025
584,2024-04-20,부산,제품E,6,22054.0,김영수,,132324
585,2024-05-31,대구,제품A,12,24527.0,정태현,VIP,294324
586,2024-09-02,서울,제품A,18,46947.0,김영수,기업,845046
587,2024-03-09,서울,제품D,1,19443.0,정태현,기업,19443
588,2024-11-07,서울,제품C,17,,이민정,기업,297908
589,2024-10-15,대구,제품E,11,29202.0,김영수,VIP,321222
590,2024-09-06,대구,제품B,10,1016.0,이민정,VIP,10160
591,2024-02-05,인천,제품D,19,47142.0,김영수,개인,895698
592,2024-08-26,대전,제품B,14,17848.0,박준호,개인,249872
593,2024-05-27,부산,제품D,10,21855.0,최수진,개인,218550
594,2024-08-14,인천,제품C,15,19211.0,이민정,VIP,288165
595,2024-08-31,부산,제품C,19,26095.0,정태현,개인,495805
596,2024-12-02,대전,제품C,4,39724.0,박준호,기업,158896
597,2024-12-30,대구,제품C,2,38583.0,김영수,기업,77166
598,2024-07-19,대전,제품A,9,3843.0,이민정,VIP,34587
599,2024-06-02,대구,제품A,10,30301.0,김영수,개인,303010
600,2024-03-13,대전,제품E,11,27460.0,김영수,기업,302060
601,2024-07-19,인천,제품B,14,32918.0,김영수,VIP,460852
602,2024-10-22,광주,제품D,7,29747.0,최수진,개인,208229
603,2024-01-17,인천,제품D,15,16972.0,최수진,기업,254580
604,2024-05-08,부산,제품A,19,29310.0,정태현,개인,556890
605,2024-08-04,인천,제품D,15,23927.0,이민정,VIP,358905
606,2024-03-01,서울,제품A,8,2094.0,박준호,개인,16752
607,2024-04-13,부산,제품E,11,39892.0,박준호,VIP,438812
608,2024-02-11,대전,제품B,9,35172.0,박준호,개인,316548
609,2024-01-25,부산,제품E,15,24324.0,김영수,기업,364860
610,2024-02-08,광주,제품C,1,21674.0,최수진,VIP,21674
611,2024-10-17,대구,제품C,1,4982.0,이민정,VIP,4982
612,2024-05-10,대전,제품C,19,46283.0,김영수,VIP,879377
613,2024-08-16,부산,제품E,3,16790.0,최수진,개인,50370
614,2024-04-17,대전,제품D,10,13205.0,최수진,개인,132050
615,2024-06-20,대전,제품B,8,25338.0,이민정,기업,202704
616,2024-04-11,대전,제품C,15,13748.0,이민정,VIP,206220
617,2024-12-19,대구,제품C,10,22097.0,이민정,VIP,220970
618,2024-01-12,인천,제품C,1,4092.0,김영수,개인,4092
619,2024-10-01,대전,제품B,18,23692.0,정태현,개인,426456
620,2024-04-10,서울,제품C,2,24862.0,이민정,기업,49724
621,2024-02-13,광주,제품B,19,25860.0,정태현,기업,491340
622,2024-10-31,대구,제품C,13,14971.0,김영수,개인,194623
623,2024-01-17,부산,제품E,1,15616.0,정태현,VIP,15616
624,2024-11-25,대구,제품E,2,5933.0,박준호,기업,11866
625,2024-02-26,부산,제품B,16,5926.0,정태현,개인,94816
626,2024-11-06,대구,제품E,15,26763.0,이민정,개인,401445
627,2024-10-29,부산,제품B,13,4969.0,김영수,VIP,64597
628,2024-01-12,대전,제품E,16,36733.0,이민정,개인,587728
629,2024-11-13,인천,제품E,17,,박준호,개인,90423
630,2024-03-20,부산,제품B,7,42743.0,이민정,기업,299201
631,2024-08-03,부산,제품D,17,40876.0,이민정,개인,694892
632,2024-12-04,서울,제품E,7,42909.0,이민정,개인,300363
633,2024-09-20,부산,제품C,13,21323.0,최수진,기업,277199
634,2024-05-28,서울,제품D,5,17428.0,박준호,VIP,87140
635,2024-03-21,광주,제품B,17,35578.0,이민정,,604826
636,2024-08-02,대전,제품D,3,21950.0,이민정,기업,65850
637,2024-07-16,서울,제품A,7,44041.0,이민정,기업,308287
638,2024-07-18,인천,제품A,17,42789.0,김영수,VIP,727413
639,2024-01-25,대전,제품E,7,19293.0,최수진,VIP,135051
640,2024-03-29,서울,제품E,1,7364.0,김영수,VIP,7364
641,2024-09-24,대전,제품C,17,36349.0,최수진,VIP,617933
642,2024-05-22,대전,제품D,17,1691.0,이민정,VIP,28747
643,2024-02-28,대전,제품A,11,31062.0,박준호,기업,341682
644,2024-12-30,광주,제품E,3,1931.0,정태현,개인,5793
645,2024-01-26,인천,제품D,15,46896.0,정태현,VIP,703440
646,2024-02-16,대구,제품E,11,32730.0,이민정,VIP,360030
647,2024-10-14,대구,제품E,16,15226.0,김영수,개인,243616
648,2024-09-22,서울,제품A,9,14861.0,박준호,개인,133749
649,2024-01-16,대전,제품A,1,32301.0,최수진,개인,32301
650,2024-07-17,서울,제품E,16,49243.0,,개인,787888
651,2024-10-08,광주,제품B,9,23766.0,박준호,개인,213894
652,2024-03-26,광주,제품E,19,37174.0,박준호,개인,706306
653,2024-09-06,부산,제품E,12,42107.0,최수진,기업,505284
654,2024-09-26,광주,제품C,19,18695.0,박준호,개인,355205
655,2024-11-30,부산,제품C,9,42347.0,김영수,개인,381123
656,2024-04-26,인천,제품C,7,4121.0,김영수,기업,28847
657,2024-01-07,서울,제품B,14,19257.0,김영수,개인,269598
658,2024-05-16,인천,제품B,19,29164.0,박준호,VIP,554116
659,2024-06-24,광주,제품E,19,26491.0,김영수,VIP,503329
660,2024-11-23,인천,제품C,2,24165.0,최수진,개인,48330
661,2024-11-10,인천,제품B,9,49714.0,박준호,기업,447426
662,2024-08-02,인천,제품A,13,4748.0,정태현,VIP,61724
663,2024-03-22,광주,제품E,15,34045.0,박준호,기업,510675
664,2024-08-10,대전,제품D,3,27553.0,최수진,VIP,82659
665,2024-04-12,인천,제품E,11,45331.0,정태현,개인,498641
666,2024-09-29,부산,제품D,14,31497.0,박준호,기업,440958
667,2024-01-14,광주,제품C,8,32308.0,김영수,기업,258464
668,2024-06-07,인천,제품D,18,40560.0,이민정,기업,730080
669,2024-05-31,대전,제품C,19,47686.0,이민정,VIP,906034
670,2024-04-17,광주,제품A,16,11374.0,김영수,VIP,181984
671,2024-07-06,대구,제품D,2,5675.0,이민정,VIP,11350
672,2024-10-27,대전,제품E,8,2170.0,이민정,개인,17360
673,2024-04-07,부산,제품C,6,42449.0,김영수,VIP,254694
674,2024-05-10,인천,제품E,12,44485.0,김영수,개인,533820
675,2024-10-19,대구,제품B,15,13450.0,박준호,기업,201750
676,2024-06-19,대구,제품C,8,11680.0,박준호,기업,93440
677,2024-07-01,광주,제품D,4,11068.0,김영수,개인,44272
678,2024-12-29,대구,제품C,15,36230.0,최수진,VIP,543450
679,2024-02-08,부산,제품E,17,47418.0,이민정,,806106
680,2024-01-15,부산,제품A,13,27206.0,박준호,기업,353678
681,2024-01-04,서울,제품C,18,1287.0,이민정,기업,23166
682,2024-12-14,부산,제품D,2,23337.0,정태현,개인,46674
683,2024-07-28,대전,제품B,13,21666.0,김영수,VIP,281658
684,2024-06-09,대구,제품A,13,2161.0,최수진,VIP,28093
685,2024-01-16,부산,제품B,15,36131.0,정태현,개인,541965
686,2024-04-17,광주,제품C,10,25535.0,정태현,개인,255350
687,2024-11-06,서울,제품E,3,33528.0,정태현,VIP,100584
688,2024-08-14,대구,제품E,19,39751.0,김영수,기업,755269
689,2024-06-18,서울,제품D,3,17527.0,박준호,개인,52581
690,2024-02-03,대구,제품E,14,41975.0,김영수,VIP,587650
691,2024-09-07,광주,제품A,8,24853.0,박준호,VIP,198824
692,2024-09-03,서울,제품E,4,15758.0,정태현,기업,63032
693,2024-09-25,인천,제품D,11,1244.0,정태현,기업,13684
694,2024-05-20,대전,제품C,11,4178.0,최수진,기업,45958
695,2024-09-30,대전,제품C,11,32831.0,,기업,361141
696,2024-04-05,대구,제품E,2,3176.0,정태현,기업,6352
697,2024-08-14,인천,제품B,17,38770.0,이민정,개인,659090
698,2024-02-08,서울,제품C,9,34654.0,최수진,VIP,311886
699,2024-10-28,인천,제품E,2,27627.0,김영수,개인,55254
700,2024-01-29,인천,제품D,15,47489.0,최수진,개인,712335
701,2024-11-13,서울,제품E,16,45910.0,이민정,개인,734560
702,2024-09-01,광주,제품C,4,25881.0,박준호,개인,103524
703,2024-08-23,인천,제품D,8,36422.0,,개인,291376
704,2024-07-03,인천,제품E,9,12984.0,김영수,기업,116856
705,2024-09-28,광주,제품A,5,24776.0,박준호,기업,123880
706,2024-08-23,인천,제품D,16,18755.0,최수진,VIP,300080
707,2024-08-26,인천,제품A,13,8135.0,정태현,개인,105755
708,2024-09-22,인천,제품B,7,1320.0,최수진,VIP,9240
709,2024-12-24,대전,제품D,17,38422.0,이민정,기업,653174
710,2024-12-05,부산,제품A,3,29635.0,정태현,기업,88905
711,2024-03-05,광주,제품C,5,22684.0,최수진,기업,113420
712,2024-06-25,인천,제품C,19,24238.0,박준호,개인,460522
713,2024-01-03,대전,제품B,12,22889.0,이민정,개인,274668
714,2024-05-21,광주,제품D,7,31313.0,이민정,기업,219191
715,2024-06-06,대구,제품D,9,33535.0,이민정,VIP,301815
716,2024-11-19,대구,제품D,6,49899.0,정태현,VIP,299394
717,2024-05-25,인천,제품B,17,11770.0,김영수,기업,200090
718,2024-10-19,대전,제품D,16,40321.0,정태현,VIP,645136
719,2024-06-01,대전,제품C,3,21426.0,최수진,기업,64278
720,2024-07-11,광주,제품A,4,,김영수,VIP,181308
721,2024-03-13,광주,제품C,10,42777.0,최수진,기업,427770
722,2024-10-31,대전,제품C,5,47250.0,김영수,VIP,236250
723,2024-12-09,광주,제품A,10,8498.0,,개인,84980
724,2024-05-19,대전,제품C,12,40404.0,이민정,기업,484848
725,2024-07-05,부산,제품B,10,41130.0,박준호,기업,411300
726,2024-10-19,대전,제품A,13,17395.0,이민정,VIP,226135
727,2024-03-01,대구,제품C,11,3537.0,정태현,기업,38907
728,2024-07-16,광주,제품E,16,20226.0,김영수,기업,323616
729,2024-10-21,대전,제품C,8,16216.0,이민정,기업,129728
730,2024-11-14,대전,제품B,8,19613.0,정태현,개인,156904
731,2024-10-28,광주,제품D,8,4009.0,최수진,개인,32072
732,2024-12-09,부산,제품C,13,25368.0,박준호,VIP,329784
733,2024-01-11,부산,제품D,2,30327.0,이민정,개인,60654
734,2024-03-02,광주,제품E,12,15209.0,김영수,VIP,182508
735,2024-11-28,서울,제품C,10,49443.0,최수진,개인,494430
736,2024-08-13,광주,제품A,12,16029.0,정태현,VIP,192348
737,2024-06-01,광주,제품D,11,3077.0,박준호,개인,33847
738,2024-07-17,부산,제품E,15,14907.0,김영수,개인,223605
739,2024-02-21,부산,제품A,16,37635.0,정태현,VIP,602160
740,2024-09-16,광주,제품A,17,49920.0,정태현,기업,848640
741,2024-02-28,광주,제품A,2,5873.0,이민정,기업,11746
742,2024-03-12,광주,제품A,18,9635.0,이민정,개인,173430
743,2024-05-27,부산,제품C,12,34065.0,김영수,VIP,408780
744,2024-12-14,광주,제품C,19,46863.0,정태현,,890397
745,2024-03-03,광주,제품C,18,42804.0,이민정,VIP,770472
746,2024-11-05,인천,제품E,17,34783.0,박준호,,591311
747,2024-08-30,서울,제품E,6,35152.0,박준호,VIP,210912
748,2024-11-25,대구,제품E,15,42513.0,정태현,개인,637695
749,2024-04-16,서울,제품B,3,30092.0,이민정,VIP,90276
750,2024-08-13,인천,제품E,6,18653.0,김영수,기업,111918
751,2024-11-08,대구,제품C,3,33463.0,김영수,개인,100389
752,2024-08-05,광주,제품C,1,35028.0,김영수,,35028
753,2024-08-28,인천,제품B,13,41469.0,박준호,기업,539097
754,2024-09-15,광주,제품B,14,,이민정,개인,307258
755,2024-09-18,부산,제품E,13,30978.0,이민정,VIP,402714
756,2024-01-05,대전,제품D,4,23056.0,박준호,기업,92224
757,2024-09-17,인천,제품B,7,30007.0,김영수,VIP,210049
758,2024-02-23,부산,제품A,10,44169.0,김영수,VIP,441690
759,2024-02-16,인천,제품C,7,49287.0,정태현,개인,345009
760,2024-08-02,인천,제품A,15,45632.0,최수진,개인,684480
761,2024-06-25,부산,제품C,15,49449.0,이민정,기업,741735
762,2024-01-09,대구,제품C,4,6543.0,,개인,26172
763,2024-04-08,서울,제품B,6,22067.0,이민정,기업,132402
764,2024-01-20,광주,제품B,5,46256.0,최수진,VIP,231280
765,2024-08-28,인천,제품A,12,26097.0,정태현,VIP,313164
766,2024-03-01,광주,제품C,1,43847.0,최수진,기업,43847
767,2024-06-26,대전,제품A,8,44512.0,김영수,VIP,356096
768,2024-12-03,부산,제품D,1,4809.0,김영수,개인,4809
769,2024-03-02,광주,제품A,5,23191.0,이민정,VIP,115955
770,2024-05-24,부산,제품E,6,22267.0,박준호,개인,133602
771,2024-08-03,광주,제품A,3,8206.0,이민정,기업,24618
772,2024-01-03,서울,제품E,15,22057.0,박준호,기업,330855
773,2024-06-08,서울,제품E,5,29992.0,최수진,VIP,149960
774,2024-08-14,서울,제품E,14,47514.0,김영수,VIP,665196
775,2024-09-25,서울,제품D,18,16995.0,박준호,개인,305910
776,2024-04-29,서울,제품A,16,,최수진,개인,796848
777,2024-03-29,서울,제품A,6,45439.0,김영수,VIP,272634
778,2024-11-24,부산,제품D,14,,박준호,VIP,198940
779,2024-03-08,인천,제품C,8,18793.0,이민정,기업,150344
780,2024-12-22,광주,제품B,7,27270.0,이민정,기업,190890
781,2024-04-07,서울,제품A,8,6197.0,이민정,기업,49576
782,2024-09-23,부산,제품B,13,49321.0,최수진,VIP,641173
783,2024-04-14,부산,제품D,6,8452.0,이민정,VIP,50712
784,2024-11-18,부산,제품C,18,42486.0,정태현,VIP,764748
785,2024-05-02,인천,제품C,2,15859.0,김영수,기업,31718
786,2024-01-29,광주,제품C,8,28236.0,최수진,VIP,225888
787,2024-05-16,인천,제품D,11,32899.0,이민정,개인,361889
788,2024-07-13,대구,제품E,1,33083.0,김영수,VIP,33083
789,2024-08-13,부산,제품E,6,3172.0,박준호,VIP,19032
790,2024-11-27,대구,제품B,16,46926.0,이민정,VIP,750816
791,2024-06-18,대전,제품E,12,17663.0,김영수,VIP,211956
792,2024-01-09,서울,제품E,11,28540.0,정태현,VIP,313940
793,2024-02-09,서울,제품C,10,20053.0,박준호,개인,200530
794,2024-01-25,인천,제품C,3,12085.0,정태현,개인,36255
795,2024-09-17,광주,제품B,13,31564.0,김영수,,410332
796,2024-08-13,대구,제품A,3,25209.0,,기업,75627
797,2024-05-03,광주,제품B,15,4981.0,김영수,VIP,74715
798,2024-02-07,인천,제품B,16,22153.0,김영수,VIP,354448
799,2024-11-23,서울,제품D,13,6247.0,정태현,VIP,81211
800,2024-09-07,광주,제품D,17,11553.0,김영수,기업,196401
801,2024-06-24,광주,제품B,3,21811.0,이민정,기업,65433
802,2024-03-30,서울,제품B,11,30845.0,김영수,기업,339295
803,2024-02-06,대구,제품B,19,7135.0,최수진,개인,135565
804,2024-11-11,서울,제품E,11,6573.0,김영수,기업,72303
805,2024-06-24,광주,제품D,16,14731.0,최수진,개인,235696
806,2024-10-10,대구,제품B,3,8189.0,김영수,개인,24567
807,2024-03-21,대구,제품C,6,15541.0,김영수,기업,93246
808,2024-04-23,서울,제품C,14,44646.0,정태현,기업,625044
809,2024-02-09,광주,제품E,18,12087.0,이민정,기업,217566
810,2024-10-27,인천,제품E,17,47435.0,이민정,개인,806395
811,2024-08-11,광주,제품A,4,3776.0,박준호,VIP,15104
812,2024-11-13,부산,제품A,15,43079.0,정태현,기업,646185
813,2024-12-14,대전,제품A,11,28564.0,정태현,기업,314204
814,2024-04-24,인천,제품E,3,29835.0,이민정,기업,89505
815,2024-07-04,대구,제품E,3,8697.0,정태현,개인,26091
816,2024-11-18,인천,제품E,16,15629.0,,개인,250064
817,2024-02-25,대구,제품C,5,9386.0,정태현,VIP,46930
818,2024-02-09,대구,제품E,10,18046.0,김영수,기업,180460
819,2024-12-19,인천,제품C,19,9044.0,이민정,개인,171836
820,2024-02-09,대구,제품A,4,10615.0,이민정,VIP,42460
821,2024-12-12,대구,제품A,19,48802.0,최수진,기업,927238
822,2024-08-24,부산,제품A,11,6060.0,정태현,개인,66660
823,2024-10-15,광주,제품B,2,11900.0,정태현,기업,23800
824,2024-09-18,광주,제품B,10,6581.0,이민정,기업,65810
825,2024-08-03,대전,제품D,11,35782.0,김영수,개인,393602
826,2024-05-26,대전,제품D,16,,김영수,개인,338768
827,2024-12-01,부산,제품D,19,13997.0,김영수,개인,265943
828,2024-06-16,대전,제품B,11,,정태현,기업,488433
829,2024-04-01,인천,제품B,14,47416.0,최수진,기업,663824
830,2024-12-18,서울,제품D,2,8148.0,이민정,VIP,16296
831,2024-02-28,서울,제품D,5,,박준호,기업,98740
832,2024-02-28,서울,제품E,5,15022.0,최수진,개인,75110
833,2024-10-30,부산,제품D,19,21013.0,박준호,기업,399247
834,2024-06-17,부산,제품E,12,39687.0,최수진,VIP,476244
835,2024-09-25,대구,제품C,18,16886.0,김영수,VIP,303948
836,2024-12-28,서울,제품B,4,26256.0,정태현,개인,105024
837,2024-02-14,인천,제품D,17,31005.0,박준호,개인,527085
838,2024-12-10,대전,제품B,10,7638.0,최수진,VIP,76380
839,2024-06-29,인천,제품B,6,38419.0,정태현,VIP,230514
840,2024-06-18,대전,제품B,14,34377.0,박준호,VIP,481278
841,2024-12-21,서울,제품C,11,41708.0,이민정,개인,458788
842,2024-07-09,서울,제품A,11,44116.0,최수진,,485276
843,2024-06-03,서울,제품D,18,37634.0,이민정,VIP,677412
844,2024-07-06,부산,제품A,18,17755.0,김영수,개인,319590
845,2024-01-07,대전,제품A,11,24382.0,이민정,기업,268202
846,2024-05-12,부산,제품A,12,23394.0,이민정,기업,280728
847,2024-08-22,부산,제품B,5,3253.0,최수진,VIP,16265
848,2024-02-14,광주,제품E,9,38710.0,김영수,기업,348390
849,2024-11-09,인천,제품B,9,46098.0,이민정,기업,414882
850,2024-09-05,인천,제품B,10,1864.0,정태현,기업,18640
851,2024-01-31,대구,제품A,19,35036.0,박준호,기업,665684
852,2024-01-23,부산,제품B,1,41222.0,이민정,VIP,41222
853,2024-06-08,대전,제품A,7,14666.0,김영수,기업,102662
854,2024-12-28,광주,제품E,4,21955.0,이민정,기업,87820
855,2024-06-06,광주,제품D,1,46138.0,박준호,개인,46138
856,2024-02-08,인천,제품A,15,38997.0,김영수,VIP,584955
857,2024-03-22,부산,제품E,8,17309.0,최수진,개인,138472
858,2024-12-21,대구,제품D,12,5054.0,김영수,개인,60648
859,2024-09-14,부산,제품C,18,1935.0,최수진,VIP,34830
860,2024-07-24,서울,제품A,15,45940.0,김영수,기업,689100
861,2024-03-17,부산,제품A,17,23778.0,박준호,개인,404226
862,2024-01-12,서울,제품C,14,44298.0,박준호,VIP,620172
863,2024-10-21,서울,제품C,14,49328.0,김영수,기업,690592
864,2024-08-11,대구,제품A,18,49924.0,이민정,VIP,898632
865,2024-01-13,대전,제품C,18,17709.0,박준호,개인,318762
866,2024-02-15,인천,제품B,16,10726.0,최수진,기업,171616
867,2024-06-03,부산,제품D,1,41542.0,최수진,기업,41542
868,2024-04-22,서울,제품D,11,21245.0,정태현,VIP,233695
869,2024-08-20,부산,제품D,15,35753.0,최수진,기업,536295
870,2024-01-17,대전,제품B,12,15252.0,정태현,개인,183024
871,2024-12-25,인천,제품C,8,22316.0,김영수,개인,178528
872,2024-08-10,대전,제품E,6,38371.0,김영수,개인,230226
873,2024-12-19,인천,제품C,3,20162.0,김영수,VIP,60486
874,2024-07-06,광주,제품A,13,16960.0,이민정,기업,220480
875,2024-12-09,인천,제품D,13,31791.0,이민정,기업,413283
876,2024-12-30,대구,제품C,2,43230.0,정태현,기업,86460
877,2024-06-11,대전,제품E,5,26216.0,최수진,개인,131080
878,2024-11-21,서울,제품A,17,33467.0,최수진,기업,568939
879,2024-03-14,광주,제품B,6,47934.0,김영수,개인,287604
880,2024-08-20,대구,제품B,2,8754.0,박준호,기업,17508
881,2024-08-11,부산,제품E,4,48014.0,이민정,,192056
882,2024-11-14,대전,제품A,11,5078.0,이민정,기업,55858
883,2024-02-29,서울,제품D,8,13853.0,김영수,VIP,110824
884,2024-11-30,인천,제품C,12,5042.0,이민정,VIP,60504
885,2024-08-09,서울,제품A,8,15389.0,김영수,개인,123112
886,2024-02-06,부산,제품B,11,31425.0,정태현,개인,345675
887,2024-10-04,광주,제품E,8,3575.0,최수진,기업,28600
888,2024-07-14,광주,제품E,8,40522.0,박준호,기업,324176
889,2024-12-17,대전,제품C,17,29179.0,최수진,VIP,496043
890,2024-08-29,광주,제품E,16,35754.0,최수진,기업,572064
891,2024-11-19,대전,제품E,14,19624.0,정태현,개인,274736
892,2024-08-06,대전,제품A,11,21350.0,이민정,개인,234850
893,2024-07-10,대전,제품D,7,27681.0,박준호,개인,193767
894,2024-01-17,인천,제품C,16,24988.0,이민정,개인,399808
895,2024-01-12,대구,제품A,13,16470.0,최수진,개인,214110
896,2024-07-11,대전,제품D,15,25704.0,김영수,VIP,385560
897,2024-01-22,대전,제품A,16,39736.0,최수진,VIP,635776
898,2024-04-29,대구,제품A,9,30377.0,이민정,개인,273393
899,2024-07-28,서울,제품E,3,29572.0,,기업,88716
900,2024-11-01,대전,제품D,19,8493.0,김영수,개인,161367
901,2024-09-26,인천,제품C,5,5103.0,정태현,VIP,25515
902,2024-07-10,광주,제품C,10,35844.0,이민정,개인,358440
903,2024-06-23,광주,제품D,17,3994.0,최수진,VIP,67898
904,2024-10-11,부산,제품E,15,,이민정,VIP,71160
905,2024-07-22,부산,제품B,8,48234.0,정태현,개인,385872
906,2024-06-12,광주,제품A,15,48291.0,최수진,개인,724365
907,2024-09-07,광주,제품E,14,,최수진,기업,396648
908,2024-08-14,인천,제품D,7,6594.0,이민정,VIP,46158
909,2024-01-07,대구,제품A,12,41299.0,이민정,기업,495588
910,2024-01-29,부산,제품C,17,8371.0,김영수,개인,142307
911,2024-02-02,대구,제품B,17,48315.0,정태현,VIP,821355
912,2024-05-13,인천,제품C,10,19028.0,김영수,기업,190280
913,2024-03-19,광주,제품D,19,36912.0,최수진,기업,701328
914,2024-02-27,대전,제품A,14,14990.0,이민정,기업,209860
915,2024-01-26,대구,제품D,11,47851.0,최수진,개인,526361
916,2024-08-13,광주,제품A,2,17626.0,최수진,개인,35252
917,2024-10-11,광주,제품E,18,21469.0,박준호,개인,386442
918,2024-01-04,서울,제품B,7,41722.0,박준호,VIP,292054
919,2024-04-08,대구,제품E,12,41037.0,최수진,개인,492444
920,2024-02-08,대전,제품E,2,8130.0,이민정,VIP,16260
921,2024-09-27,대구,제품D,18,7828.0,최수진,기업,140904
922,2024-10-11,광주,제품B,6,42612.0,박준호,기업,255672
923,2024-06-05,대전,제품A,10,47988.0,이민정,개인,479880
924,2024-03-15,인천,제품A,15,40099.0,최수진,기업,601485
925,2024-10-14,서울,제품C,5,47165.0,정태현,개인,235825
926,2024-05-09,광주,제품A,3,,정태현,VIP,56649
927,2024-06-23,부산,제품D,5,44059.0,최수진,기업,220295
928,2024-03-24,부산,제품E,8,19542.0,이민정,개인,156336
929,2024-01-22,서울,제품E,8,43932.0,최수진,기업,351456
930,2024-01-27,인천,제품E,8,11450.0,최수진,기업,91600
931,2024-07-13,광주,제품B,12,21423.0,박준호,개인,257076
932,2024-12-02,대구,제품A,8,3035.0,정태현,기업,24280
933,2024-08-23,서울,제품D,11,45231.0,박준호,기업,497541
934,2024-04-01,인천,제품B,14,41745.0,박준호,기업,584430
935,2024-01-21,대구,제품C,8,18241.0,최수진,,145928
936,2024-10-29,부산,제품D,10,24154.0,박준호,VIP,241540
937,2024-12-22,부산,제품D,7,26625.0,정태현,기업,186375
938,2024-03-24,대구,제품D,17,45950.0,박준호,기업,781150
939,2024-09-18,서울,제품E,4,34066.0,정태현,개인,136264
940,2024-05-26,부산,제품D,13,34691.0,박준호,VIP,450983
941,2024-09-13,광주,제품A,4,,정태현,개인,57324
942,2024-02-27,대전,제품D,5,21690.0,박준호,개인,108450
943,2024-01-15,대구,제품E,4,20183.0,박준호,개인,80732
944,2024-06-10,대구,제품D,18,40346.0,이민정,VIP,726228
945,2024-06-11,부산,제품C,6,5875.0,정태현,개인,35250
946,2024-11-15,서울,제품C,2,13254.0,정태현,개인,26508
947,2024-10-07,광주,제품E,11,29621.0,정태현,개인,325831
948,2024-10-06,서울,제품A,14,11905.0,김영수,기업,166670
949,2024-01-12,인천,제품A,5,47121.0,박준호,개인,235605
950,2024-09-30,인천,제품B,6,16882.0,정태현,VIP,101292
951,2024-09-27,대전,제품E,10,20041.0,김영수,VIP,200410
952,2024-07-26,부산,제품D,8,30098.0,이민정,기업,240784
953,2024-01-27,부산,제품E,14,43431.0,정태현,VIP,608034
954,2024-03-12,부산,제품B,3,34709.0,정태현,VIP,104127
955,2024-02-29,대전,제품E,12,35675.0,김영수,기업,428100
956,2024-05-24,인천,제품E,16,5837.0,박준호,개인,93392
957,2024-04-02,서울,제품B,17,47448.0,,기업,806616
958,2024-11-04,대전,제품A,1,25489.0,,개인,25489
959,2024-01-08,대전,제품D,10,18627.0,박준호,개인,186270
960,2024-03-19,서울,제품B,10,6696.0,이민정,VIP,66960
961,2024-01-27,부산,제품C,2,49994.0,최수진,기업,99988
962,2024-06-22,광주,제품A,9,14543.0,최수진,,130887
963,2024-02-19,서울,제품C,13,13615.0,이민정,VIP,176995
964,2024-07-17,인천,제품A,16,2466.0,김영수,개인,39456
965,2024-12-14,대구,제품D,18,31771.0,이민정,VIP,571878
966,2024-06-29,대구,제품D,19,19350.0,이민정,기업,367650
967,2024-01-24,대전,제품E,12,1375.0,김영수,,16500
968,2024-11-11,대구,제품C,8,34030.0,김영수,VIP,272240
969,2024-02-15,광주,제품A,17,21746.0,박준호,개인,369682
970,2024-01-15,부산,제품D,15,23886.0,박준호,기업,358290
971,2024-06-01,인천,제품B,10,45348.0,김영수,VIP,453480
972,2024-08-09,광주,제품D,15,43904.0,최수진,개인,658560
973,2024-07-24,인천,제품B,15,33651.0,최수진,VIP,504765
974,2024-09-29,인천,제품A,7,8833.0,,기업,61831
975,2024-08-23,부산,제품D,13,2893.0,정태현,VIP,37609
976,2024-12-05,대전,제품D,17,31573.0,이민정,VIP,536741
977,2024-08-15,대구,제품A,9,32371.0,이민정,개인,291339
978,2024-01-09,부산,제품D,8,41874.0,정태현,VIP,334992
979,2024-06-14,광주,제품B,18,12826.0,김영수,개인,230868
980,2024-11-14,대전,제품D,13,35420.0,최수진,기업,460460
981,2024-08-01,광주,제품C,16,22924.0,이민정,VIP,366784
982,2024-04-26,대전,제품E,9,34367.0,정태현,기업,309303
983,2024-12-09,광주,제품B,12,22199.0,박준호,기업,266388
984,2024-03-12,부산,제품C,12,26868.0,이민정,VIP,322416
985,2024-03-04,대전,제품A,6,9792.0,최수진,개인,58752
986,2024-07-23,대전,제품B,19,21597.0,김영수,기업,410343
987,2024-07-27,인천,제품E,7,37405.0,이민정,기업,261835
988,2024-03-12,인천,제품E,3,33696.0,이민정,VIP,101088
989,2024-10-03,서울,제품A,16,44123.0,정태현,VIP,705968
990,2024-09-30,광주,제품A,18,16989.0,박준호,VIP,305802
991,2024-11-15,인천,제품B,16,29931.0,박준호,VIP,478896
992,2024-12-03,서울,제품D,7,10290.0,김영수,VIP,72030
993,2024-04-04,인천,제품A,4,39367.0,최수진,VIP,157468
994,2024-06-14,광주,제품D,8,15342.0,김영수,개인,122736
995,2024-02-01,대전,제품C,13,25941.0,이민정,기업,337233
996,2024-01-11,대구,제품E,13,14945.0,이민정,개인,194285
997,2024-10-27,광주,제품D,17,11762.0,박준호,개인,199954
998,2024-08-04,부산,제품E,17,31133.0,최수진,VIP,529261
999,2024-10-15,인천,제품D,5,48080.0,정태현,기업,240400
1000,2024-04-11,인천,제품C,6,41150.0,최수진,개인,246900
